{
	"info": {
		"_postman_id": "9df9e969-43ca-408e-b526-587c67d964b6",
		"name": "API_Examples",
		"schema": "https://schema.getpostman.com/json/collection/v2.1.0/collection.json",
		"_exporter_id": "2437125"
	},
	"item": [
		{
			"name": "ListOfUsers",
			"request": {
				"method": "GET",
				"header": [],
				"url": {
					"raw": "{{BaseURLDemo}}?page=1",
					"host": [
						"{{BaseURLDemo}}"
					],
					"query": [
						{
							"key": "page",
							"value": "1"
						}
					]
				}
			},
			"response": []
		},
		{
			"name": "SingleUser",
			"request": {
				"method": "GET",
				"header": [],
				"url": {
					"raw": "{{BaseURLDemo}}/2",
					"host": [
						"{{BaseURLDemo}}"
					],
					"path": [
						"2"
					]
				}
			},
			"response": []
		},
		{
			"name": "CreateUser",
			"request": {
				"method": "POST",
				"header": [],
				"body": {
					"mode": "raw",
					"raw": "{\r\n    \"n\": \"malay\",\r\n    \"jobs\": \"Trainer\"\r\n\r\n}",
					"options": {
						"raw": {
							"language": "json"
						}
					}
				},
				"url": {
					"raw": "{{BaseURLDemo}}",
					"host": [
						"{{BaseURLDemo}}"
					]
				}
			},
			"response": []
		},
		{
			"name": "UpdateUser",
			"request": {
				"method": "PUT",
				"header": [],
				"body": {
					"mode": "raw",
					"raw": "{\r\n    \"name\": \"morpheus\",\r\n    \"job\": \"LabAssistent\"\r\n}",
					"options": {
						"raw": {
							"language": "json"
						}
					}
				},
				"url": {
					"raw": "{{BaseURLDemo}}/2",
					"host": [
						"{{BaseURLDemo}}"
					],
					"path": [
						"2"
					]
				}
			},
			"response": []
		},
		{
			"name": "DeleteReqest",
			"request": {
				"method": "DELETE",
				"header": [],
				"url": {
					"raw": "{{BaseURLDemo}}/3",
					"host": [
						"{{BaseURLDemo}}"
					],
					"path": [
						"3"
					]
				}
			},
			"response": []
		},
		{
			"name": "LoginRequest",
			"request": {
				"method": "POST",
				"header": [],
				"body": {
					"mode": "formdata",
					"formdata": [
						{
							"key": "email",
							"value": "demouser23s@gmail.com",
							"type": "text"
						},
						{
							"key": "password",
							"value": "12345",
							"type": "text"
						}
					]
				},
				"url": {
					"raw": "https://tutorialsninja.com/demo/index.php?route=account/login",
					"protocol": "https",
					"host": [
						"tutorialsninja",
						"com"
					],
					"path": [
						"demo",
						"index.php"
					],
					"query": [
						{
							"key": "route",
							"value": "account/login"
						}
					]
				}
			},
			"response": []
		}
	]
}